"","Company","Male Customers","Female Customers","Age","Distance","Income","Average Transactions","Average Profit"
"1","Pink Cab",7677,7189,35.3435355845554,22.4721661904575,15056.7947665815,3.45392170052469,62.6521741096198
"2","Yellow Cab",16998,14284,35.3656096157535,22.5695168941427,14969.8582571447,9.84738827440701,160.25998584103
